Datetime,Water Level (m)
2025-09-17 00:00:00,-0.06622807
2025-09-17 01:00:00,0.040360793
2025-09-17 02:00:00,0.24850388
2025-09-17 03:00:00,0.5043474
2025-09-17 04:00:00,0.80906355
2025-09-17 05:00:00,1.0786642
2025-09-17 06:00:00,1.2700661
2025-09-17 07:00:00,1.3046296
2025-09-17 08:00:00,1.1352961
2025-09-17 09:00:00,0.86174846
2025-09-17 10:00:00,0.6375757
2025-09-17 11:00:00,0.44234437
2025-09-17 12:00:00,0.25473258
2025-09-17 13:00:00,0.09929956
2025-09-17 14:00:00,-0.0027955447
2025-09-17 15:00:00,0.14188904
2025-09-17 16:00:00,0.44018474
2025-09-17 17:00:00,0.7912957
2025-09-17 18:00:00,1.032919
2025-09-17 19:00:00,1.1405778
2025-09-17 20:00:00,1.1301773
2025-09-17 21:00:00,0.9761481
2025-09-17 22:00:00,0.761727
2025-09-17 23:00:00,0.55668205
2025-09-18 00:00:00,0.3658173
2025-09-18 01:00:00,0.20304266
2025-09-18 02:00:00,0.08511343
2025-09-18 03:00:00,0.18177153
2025-09-18 04:00:00,0.55617267
2025-09-18 05:00:00,0.9908108
2025-09-18 06:00:00,1.3239824
2025-09-18 07:00:00,1.4774903
2025-09-18 08:00:00,1.5003612
2025-09-18 09:00:00,1.3346696
2025-09-18 10:00:00,1.079923
2025-09-18 11:00:00,0.8490454
2025-09-18 12:00:00,0.63366455
2025-09-18 13:00:00,0.43270582
2025-09-18 14:00:00,0.25705272
2025-09-18 15:00:00,0.12541406
2025-09-18 16:00:00,0.2358549
2025-09-18 17:00:00,0.61638594
2025-09-18 18:00:00,1.043933
2025-09-18 19:00:00,1.3092242
2025-09-18 20:00:00,1.3672727
2025-09-18 21:00:00,1.292271
2025-09-18 22:00:00,1.1067133
2025-09-18 23:00:00,0.8734162
2025-09-19 00:00:00,0.65135694
2025-09-19 01:00:00,0.4496223
2025-09-19 02:00:00,0.2774452
2025-09-19 03:00:00,0.14872825
2025-09-19 04:00:00,0.2788918
2025-09-19 05:00:00,0.70886344
2025-09-19 06:00:00,1.1936553
2025-09-19 07:00:00,1.5345638
2025-09-19 08:00:00,1.6724325
2025-09-19 09:00:00,1.6361707
2025-09-19 10:00:00,1.3989662
2025-09-19 11:00:00,1.1285878
2025-09-19 12:00:00,0.88972014
2025-09-19 13:00:00,0.6651219
2025-09-19 14:00:00,0.4610894
2025-09-19 15:00:00,0.28540662
2025-09-19 16:00:00,0.19898634
2025-09-19 17:00:00,0.47587988
2025-09-19 18:00:00,0.92042583
2025-09-19 19:00:00,1.3489295
2025-09-19 20:00:00,1.5286351
2025-09-19 21:00:00,1.5317734
2025-09-19 22:00:00,1.3914961
2025-09-19 23:00:00,1.1521963
2025-09-20 00:00:00,0.9027222
2025-09-20 01:00:00,0.6785157
2025-09-20 02:00:00,0.471868
2025-09-20 03:00:00,0.29665536
2025-09-20 04:00:00,0.18268248
2025-09-20 05:00:00,0.47056854
2025-09-20 06:00:00,0.9667679
2025-09-20 07:00:00,1.4519507
2025-09-20 08:00:00,1.6972321
2025-09-20 09:00:00,1.7462466
2025-09-20 10:00:00,1.6131583
2025-09-20 11:00:00,1.3423234
2025-09-20 12:00:00,1.0793422
2025-09-20 13:00:00,0.8417205
2025-09-20 14:00:00,0.61699533
2025-09-20 15:00:00,0.42110625
2025-09-20 16:00:00,0.25689164
2025-09-20 17:00:00,0.30661058
2025-09-20 18:00:00,0.78380823
2025-09-20 19:00:00,1.2861354
2025-09-20 20:00:00,1.6320198
2025-09-20 21:00:00,1.7201587
2025-09-20 22:00:00,1.6474814
2025-09-20 23:00:00,1.4157156
2025-09-21 00:00:00,1.1485367
2025-09-21 01:00:00,0.9024441
2025-09-21 02:00:00,0.67613447
2025-09-21 03:00:00,0.47392836
2025-09-21 04:00:00,0.30306366
2025-09-21 05:00:00,0.29672778
2025-09-21 06:00:00,0.7993379
2025-09-21 07:00:00,1.3364965
2025-09-21 08:00:00,1.7398268
2025-09-21 09:00:00,1.862978
2025-09-21 10:00:00,1.8146731
2025-09-21 11:00:00,1.5737567
2025-09-21 12:00:00,1.2856929
2025-09-21 13:00:00,1.0306108
2025-09-21 14:00:00,0.79354835
2025-09-21 15:00:00,0.57581514
2025-09-21 16:00:00,0.38635507
2025-09-21 17:00:00,0.26755926
2025-09-21 18:00:00,0.59911925
2025-09-21 19:00:00,1.14318
2025-09-21 20:00:00,1.6314795
2025-09-21 21:00:00,1.8310055
2025-09-21 22:00:00,1.8258442
2025-09-21 23:00:00,1.6372633
2025-09-22 00:00:00,1.3549346
2025-09-22 01:00:00,1.0933163
2025-09-22 02:00:00,0.85464406
2025-09-22 03:00:00,0.63014567
2025-09-22 04:00:00,0.43507686
2025-09-22 05:00:00,0.28833163
2025-09-22 06:00:00,0.5291578
2025-09-22 07:00:00,1.0681378
2025-09-22 08:00:00,1.5684435
2025-09-22 09:00:00,1.8077192
2025-09-22 10:00:00,1.8202236
2025-09-22 11:00:00,1.6612825
2025-09-22 12:00:00,1.3888702
2025-09-22 13:00:00,1.1202569
2025-09-22 14:00:00,0.8768317
2025-09-22 15:00:00,0.64961666
2025-09-22 16:00:00,0.45000318
2025-09-22 17:00:00,0.28264526
2025-09-22 18:00:00,0.36518607
2025-09-22 19:00:00,0.9255076
2025-09-22 20:00:00,1.4668249
2025-09-22 21:00:00,1.8125232
2025-09-22 22:00:00,1.8797609
2025-09-22 23:00:00,1.7640561
2025-09-23 00:00:00,1.4986973
